"lab","freq","mod","freqBin","amp"
"Florida","6Hz","square",0,3.68512666666667e-14
"Florida","6Hz","square",1.5,2.45739233333333
"Florida","6Hz","square",3,2.129073
"Florida","6Hz","square",4.5,2.677182
"Florida","6Hz","square",6,17.2361533333333
"Florida","6Hz","square",7.5,2.18701766666667
"Florida","6Hz","square",9,1.590789
"Florida","6Hz","square",10.5,2.005239
"Florida","6Hz","square",12,8.45051333333333
"Florida","6Hz","square",13.5,1.479004
"Florida","6Hz","square",15,0.948615333333333
"Florida","6Hz","square",16.5,1.15517733333333
"Florida","6Hz","square",18,5.5234
"Florida","6Hz","square",19.5,1.08179933333333
"Florida","6Hz","square",21,0.747063333333333
"Florida","6Hz","square",22.5,0.958057
"Florida","6Hz","square",24,4.26206666666667
"Florida","6Hz","square",25.5,0.860794
"Florida","6Hz","square",27,0.570500333333333
"Florida","6Hz","square",28.5,0.737329333333333
"Florida","6Hz","square",30,2.90323333333333
"Florida","6Hz","square",31.5,0.600248666666667
"Florida","6Hz","square",33,0.339698
"Florida","6Hz","square",34.5,0.268107866666667
"Florida","6Hz","square",36,0.376089
"Florida","6Hz","square",37.5,0.190709833333333
"Florida","6Hz","square",39,0.1694937
"Florida","6Hz","square",40.5,0.1567696
"Florida","6Hz","square",42,0.147263266666667
"Florida","6Hz","square",43.5,0.1388962
"Florida","6Hz","square",45,0.131942633333333
"Florida","6Hz","square",46.5,0.125824233333333
"Florida","6Hz","square",48,0.1204231
"Florida","6Hz","square",49.5,0.115574
"Florida","6Hz","square",51,0.1111914
"Florida","6Hz","square",52.5,0.107188866666667
"Florida","6Hz","square",54,0.103570733333333
"Florida","6Hz","square",55.5,0.100158033333333
"Florida","6Hz","square",57,0.0970265666666667
"Florida","6Hz","square",58.5,0.0941218
"Florida","6Hz","square",60,0.0913923666666667
"Florida","6Hz","square",61.5,0.0888784333333333
"Florida","6Hz","square",63,0.0865064333333333
"Florida","6Hz","square",64.5,0.0842787666666667
"Florida","6Hz","square",66,0.0822223
"Florida","6Hz","square",67.5,0.0801840333333333
"Florida","6Hz","square",69,0.0783160666666667
"Florida","6Hz","square",70.5,0.0765457333333333
"Florida","6Hz","square",72,0.0748571666666667
"Florida","6Hz","square",73.5,0.0732498
"Florida","6Hz","square",75,0.0717375666666667
"Florida","6Hz","square",76.5,0.0702905
"Florida","6Hz","square",78,0.0689024
"Florida","6Hz","square",79.5,0.0675825333333333
"Florida","6Hz","square",81,0.0663324666666667
"Florida","6Hz","square",82.5,0.0651279666666667
"Florida","6Hz","square",84,0.0639731
"Florida","6Hz","square",85.5,0.0628695666666667
"Florida","6Hz","square",87,0.0618115
"Florida","6Hz","square",88.5,0.060794
"Florida","6Hz","square",90,0.0598218666666667
"Florida","6Hz","square",91.5,0.0588809666666667
"Florida","6Hz","square",93,0.0579809
"Florida","6Hz","square",94.5,0.0571087
"Florida","6Hz","square",96,0.0562797666666667
"Florida","6Hz","square",97.5,0.0554693333333333
"Florida","6Hz","square",99,0.0546952
"Florida","6Hz","square",100.5,0.0539342666666667
"Florida","6Hz","square",102,0.0532189
"Florida","6Hz","square",103.5,0.0525195666666667
"Florida","6Hz","square",105,0.0518465
"Florida","6Hz","square",106.5,0.0511937333333333
"Florida","6Hz","square",108,0.0505646
"Florida","6Hz","square",109.5,0.0499555333333333
"Florida","6Hz","square",111,0.0493666
"Florida","6Hz","square",112.5,0.0487972
"Florida","6Hz","square",114,0.0482428333333333
"Florida","6Hz","square",115.5,0.0477062
"Florida","6Hz","square",117,0.0471888666666667
"Florida","6Hz","square",118.5,0.0466861333333333
"Florida","6Hz","square",120,0.0462541333333333
"Florida","6Hz","square",121.5,0.0457310666666667
"Florida","6Hz","square",123,0.0452722
"Florida","6Hz","square",124.5,0.0448283666666667
"Florida","6Hz","square",126,0.0444168666666667
"Florida","6Hz","square",127.5,0.0439772
"Florida","6Hz","square",129,0.0435722666666667
"Florida","6Hz","square",130.5,0.0431787666666667
"Florida","6Hz","square",132,0.0427962333333333
"Florida","6Hz","square",133.5,0.0424253
"Florida","6Hz","square",135,0.0420644666666667
"Florida","6Hz","square",136.5,0.0417141666666667
"Florida","6Hz","square",138,0.0413788666666667
"Florida","6Hz","square",139.5,0.0410455666666667
"Florida","6Hz","square",141,0.0407224666666667
"Florida","6Hz","square",142.5,0.0404105666666667
"Florida","6Hz","square",144,0.040112
"Florida","6Hz","square",145.5,0.0398118
"Florida","6Hz","square",147,0.0395281
"Florida","6Hz","square",148.5,0.0392486
"Florida","6Hz","square",150,0.0389801333333333
"Florida","6Hz","square",151.5,0.0387149333333333
"Florida","6Hz","square",153,0.0384599666666667
"Florida","6Hz","square",154.5,0.0382106
"Florida","6Hz","square",156,0.0379695
"Florida","6Hz","square",157.5,0.0377347
"Florida","6Hz","square",159,0.0375061333333333
"Florida","6Hz","square",160.5,0.0372871666666667
"Florida","6Hz","square",162,0.0370685333333333
"Florida","6Hz","square",163.5,0.0368618
"Florida","6Hz","square",165,0.0366577333333333
"Florida","6Hz","square",166.5,0.0364625666666667
"Florida","6Hz","square",168,0.0362697
"Florida","6Hz","square",169.5,0.0360838
"Florida","6Hz","square",171,0.0359034
"Florida","6Hz","square",172.5,0.0357293
"Florida","6Hz","square",174,0.0355630333333333
"Florida","6Hz","square",175.5,0.0353930333333333
"Florida","6Hz","square",177,0.0352337
"Florida","6Hz","square",178.5,0.0350792
"Florida","6Hz","square",180,0.0349304
"Florida","6Hz","square",181.5,0.0347843
"Florida","6Hz","square",183,0.0346439
"Florida","6Hz","square",184.5,0.0345080666666667
"Florida","6Hz","square",186,0.0343659666666667
"Florida","6Hz","square",187.5,0.0342497
"Florida","6Hz","square",189,0.0341271333333333
"Florida","6Hz","square",190.5,0.0340084333333333
"Florida","6Hz","square",192,0.033895
"Florida","6Hz","square",193.5,0.0337844
"Florida","6Hz","square",195,0.0336784
"Florida","6Hz","square",196.5,0.0335761
"Florida","6Hz","square",198,0.0334816333333333
"Florida","6Hz","square",199.5,0.0333838666666667
"Florida","6Hz","square",201,0.0332938
"Florida","6Hz","square",202.5,0.0332071
"Florida","6Hz","square",204,0.0331241
"Florida","6Hz","square",205.5,0.0330451
"Florida","6Hz","square",207,0.0329687666666667
"Florida","6Hz","square",208.5,0.0328971333333333
"Florida","6Hz","square",210,0.0328271
"Florida","6Hz","square",211.5,0.0327638
"Florida","6Hz","square",213,0.0327015
"Florida","6Hz","square",214.5,0.0326459666666667
"Florida","6Hz","square",216,0.0325874333333333
"Florida","6Hz","square",217.5,0.0325389666666667
"Florida","6Hz","square",219,0.0324910333333333
"Florida","6Hz","square",220.5,0.032449
"Florida","6Hz","square",222,0.0324046666666667
"Florida","6Hz","square",223.5,0.0323696333333333
"Florida","6Hz","square",225,0.0323349666666667
"Florida","6Hz","square",226.5,0.0323042
"Florida","6Hz","square",228,0.0322763333333333
"Florida","6Hz","square",229.5,0.0322519333333333
"Florida","6Hz","square",231,0.0322307333333333
"Florida","6Hz","square",232.5,0.0322125
"Florida","6Hz","square",234,0.0321907666666667
"Florida","6Hz","square",235.5,0.0321871333333333
"Florida","6Hz","square",237,0.0321788
"Florida","6Hz","square",238.5,0.0321734
"Florida","6Hz","sine",0,4.12751e-14
"Florida","6Hz","sine",1.5,2.76343666666667
"Florida","6Hz","sine",3,2.26550366666667
"Florida","6Hz","sine",4.5,2.70132666666667
"Florida","6Hz","sine",6,14.9586733333333
"Florida","6Hz","sine",7.5,2.19608333333333
"Florida","6Hz","sine",9,1.601358
"Florida","6Hz","sine",10.5,2.059501
"Florida","6Hz","sine",12,8.49582666666667
"Florida","6Hz","sine",13.5,1.55643433333333
"Florida","6Hz","sine",15,0.955987
"Florida","6Hz","sine",16.5,1.167942
"Florida","6Hz","sine",18,5.08479666666667
"Florida","6Hz","sine",19.5,1.081433
"Florida","6Hz","sine",21,0.710536
"Florida","6Hz","sine",22.5,0.930884
"Florida","6Hz","sine",24,3.76904666666667
"Florida","6Hz","sine",25.5,0.850879333333333
"Florida","6Hz","sine",27,0.573980333333333
"Florida","6Hz","sine",28.5,0.717986666666667
"Florida","6Hz","sine",30,2.75669
"Florida","6Hz","sine",31.5,0.620876
"Florida","6Hz","sine",33,0.345366666666667
"Florida","6Hz","sine",34.5,0.273832666666667
"Florida","6Hz","sine",36,0.372132333333333
"Florida","6Hz","sine",37.5,0.193582633333333
"Florida","6Hz","sine",39,0.173419766666667
"Florida","6Hz","sine",40.5,0.1607078
"Florida","6Hz","sine",42,0.150876433333333
"Florida","6Hz","sine",43.5,0.142283133333333
"Florida","6Hz","sine",45,0.1350876
"Florida","6Hz","sine",46.5,0.1288028
"Florida","6Hz","sine",48,0.1232598
"Florida","6Hz","sine",49.5,0.1182344
"Florida","6Hz","sine",51,0.113730966666667
"Florida","6Hz","sine",52.5,0.1096146
"Florida","6Hz","sine",54,0.1059154
"Florida","6Hz","sine",55.5,0.102380766666667
"Florida","6Hz","sine",57,0.0991691
"Florida","6Hz","sine",58.5,0.0961878
"Florida","6Hz","sine",60,0.0933867
"Florida","6Hz","sine",61.5,0.0908098
"Florida","6Hz","sine",63,0.0883768666666667
"Florida","6Hz","sine",64.5,0.0860925
"Florida","6Hz","sine",66,0.0839819
"Florida","6Hz","sine",67.5,0.0818977666666667
"Florida","6Hz","sine",69,0.0799841
"Florida","6Hz","sine",70.5,0.0781695333333333
"Florida","6Hz","sine",72,0.0764557666666667
"Florida","6Hz","sine",73.5,0.0747970666666667
"Florida","6Hz","sine",75,0.0732463666666667
"Florida","6Hz","sine",76.5,0.0717669333333333
"Florida","6Hz","sine",78,0.0703440333333333
"Florida","6Hz","sine",79.5,0.0689956666666667
"Florida","6Hz","sine",81,0.0677172
"Florida","6Hz","sine",82.5,0.0664844666666667
"Florida","6Hz","sine",84,0.0653039333333333
"Florida","6Hz","sine",85.5,0.0641756333333333
"Florida","6Hz","sine",87,0.0630936666666667
"Florida","6Hz","sine",88.5,0.0620534666666667
"Florida","6Hz","sine",90,0.0610625666666667
"Florida","6Hz","sine",91.5,0.0600982666666667
"Florida","6Hz","sine",93,0.0591785
"Florida","6Hz","sine",94.5,0.0582903333333333
"Florida","6Hz","sine",96,0.0574368666666667
"Florida","6Hz","sine",97.5,0.0566125333333333
"Florida","6Hz","sine",99,0.0558222333333333
"Florida","6Hz","sine",100.5,0.0550448666666667
"Florida","6Hz","sine",102,0.0543191
"Florida","6Hz","sine",103.5,0.0535991666666667
"Florida","6Hz","sine",105,0.0529107666666667
"Florida","6Hz","sine",106.5,0.0522455666666667
"Florida","6Hz","sine",108,0.0516030666666667
"Florida","6Hz","sine",109.5,0.0509805666666667
"Florida","6Hz","sine",111,0.0503788666666667
"Florida","6Hz","sine",112.5,0.0497970666666667
"Florida","6Hz","sine",114,0.0492164
"Florida","6Hz","sine",115.5,0.0486857666666667
"Florida","6Hz","sine",117,0.0481560666666667
"Florida","6Hz","sine",118.5,0.0476424666666667
"Florida","6Hz","sine",120,0.0472038666666667
"Florida","6Hz","sine",121.5,0.0466673
"Florida","6Hz","sine",123,0.0461990333333333
"Florida","6Hz","sine",124.5,0.0457466666666667
"Florida","6Hz","sine",126,0.0453148666666667
"Florida","6Hz","sine",127.5,0.0448776333333333
"Florida","6Hz","sine",129,0.0444642333333333
"Florida","6Hz","sine",130.5,0.0440626666666667
"Florida","6Hz","sine",132,0.0436723333333333
"Florida","6Hz","sine",133.5,0.0432936666666667
"Florida","6Hz","sine",135,0.0429255666666667
"Florida","6Hz","sine",136.5,0.0425678333333333
"Florida","6Hz","sine",138,0.0422251666666667
"Florida","6Hz","sine",139.5,0.0418861333333333
"Florida","6Hz","sine",141,0.0415562666666667
"Florida","6Hz","sine",142.5,0.0412380333333333
"Florida","6Hz","sine",144,0.0409332666666667
"Florida","6Hz","sine",145.5,0.0406271666666667
"Florida","6Hz","sine",147,0.0403374333333333
"Florida","6Hz","sine",148.5,0.0400519
"Florida","6Hz","sine",150,0.0397804666666667
"Florida","6Hz","sine",151.5,0.0395080666666667
"Florida","6Hz","sine",153,0.0392478666666667
"Florida","6Hz","sine",154.5,0.0389939333333333
"Florida","6Hz","sine",156,0.0387476333333333
"Florida","6Hz","sine",157.5,0.0385080666666667
"Florida","6Hz","sine",159,0.0382749666666667
"Florida","6Hz","sine",160.5,0.0380513
"Florida","6Hz","sine",162,0.0378272
"Florida","6Hz","sine",163.5,0.0376176666666667
"Florida","6Hz","sine",165,0.0374109666666667
"Florida","6Hz","sine",166.5,0.0372097333333333
"Florida","6Hz","sine",168,0.0370090666666667
"Florida","6Hz","sine",169.5,0.0368245666666667
"Florida","6Hz","sine",171,0.0366403666666667
"Florida","6Hz","sine",172.5,0.0364623
"Florida","6Hz","sine",174,0.0362806333333333
"Florida","6Hz","sine",175.5,0.0361207
"Florida","6Hz","sine",177,0.0359579
"Florida","6Hz","sine",178.5,0.0358001666666667
"Florida","6Hz","sine",180,0.0356484
"Florida","6Hz","sine",181.5,0.0354995
"Florida","6Hz","sine",183,0.0353563333333333
"Florida","6Hz","sine",184.5,0.0352174
"Florida","6Hz","sine",186,0.0350832
"Florida","6Hz","sine",187.5,0.0349546666666667
"Florida","6Hz","sine",189,0.0348294666666667
"Florida","6Hz","sine",190.5,0.0347085
"Florida","6Hz","sine",192,0.0345944333333333
"Florida","6Hz","sine",193.5,0.0344805
"Florida","6Hz","sine",195,0.0343716333333333
"Florida","6Hz","sine",196.5,0.0342678
"Florida","6Hz","sine",198,0.0341714
"Florida","6Hz","sine",199.5,0.0340723333333333
"Florida","6Hz","sine",201,0.0339804666666667
"Florida","6Hz","sine",202.5,0.0338921
"Florida","6Hz","sine",204,0.0338075333333333
"Florida","6Hz","sine",205.5,0.0337268
"Florida","6Hz","sine",207,0.0336493666666667
"Florida","6Hz","sine",208.5,0.0335765333333333
"Florida","6Hz","sine",210,0.0335035666666667
"Florida","6Hz","sine",211.5,0.0334407666666667
"Florida","6Hz","sine",213,0.0333774666666667
"Florida","6Hz","sine",214.5,0.0333196666666667
"Florida","6Hz","sine",216,0.0332621
"Florida","6Hz","sine",217.5,0.0332117666666667
"Florida","6Hz","sine",219,0.0331628
"Florida","6Hz","sine",220.5,0.0331198666666667
"Florida","6Hz","sine",222,0.0330745333333333
"Florida","6Hz","sine",223.5,0.0330394333333333
"Florida","6Hz","sine",225,0.0330046666666667
"Florida","6Hz","sine",226.5,0.0329729333333333
"Florida","6Hz","sine",228,0.0329448333333333
"Florida","6Hz","sine",229.5,0.0329198333333333
"Florida","6Hz","sine",231,0.0328984333333333
"Florida","6Hz","sine",232.5,0.0328801333333333
"Florida","6Hz","sine",234,0.0328690333333333
"Florida","6Hz","sine",235.5,0.0328536
"Florida","6Hz","sine",237,0.0328455666666667
"Florida","6Hz","sine",238.5,0.0328407
"Florida","8.57Hz","square",0,6.56962e-14
"Florida","8.57Hz","square",2.14285714285714,2.09435433333333
"Florida","8.57Hz","square",4.28571428571429,1.37235366666667
"Florida","8.57Hz","square",6.42857142857143,1.72416733333333
"Florida","8.57Hz","square",8.57142857142857,14.2857333333333
"Florida","8.57Hz","square",10.7142857142857,1.634285
"Florida","8.57Hz","square",12.8571428571429,0.908801
"Florida","8.57Hz","square",15,0.98065
"Florida","8.57Hz","square",17.1428571428571,6.72243333333333
"Florida","8.57Hz","square",19.2857142857143,0.826094333333333
"Florida","8.57Hz","square",21.4285714285714,0.540791666666667
"Florida","8.57Hz","square",23.5714285714286,0.683103666666667
"Florida","8.57Hz","square",25.7142857142857,3.92880666666667
"Florida","8.57Hz","square",27.8571428571429,0.597373
"Florida","8.57Hz","square",30,0.361982333333333
"Florida","8.57Hz","square",32.1428571428571,0.333983333333333
"Florida","8.57Hz","square",34.2857142857143,0.858096333333333
"Florida","8.57Hz","square",36.4285714285714,0.1910062
"Florida","8.57Hz","square",38.5714285714286,0.155444933333333
"Florida","8.57Hz","square",40.7142857142857,0.1396371
"Florida","8.57Hz","square",42.8571428571429,0.1285643
"Florida","8.57Hz","square",45,0.119652766666667
"Florida","8.57Hz","square",47.1428571428571,0.1123296
"Florida","8.57Hz","square",49.2857142857143,0.1060461
"Florida","8.57Hz","square",51.4285714285714,0.100645966666667
"Florida","8.57Hz","square",53.5714285714286,0.0957498
"Florida","8.57Hz","square",55.7142857142857,0.0914250333333333
"Florida","8.57Hz","square",57.8571428571429,0.0875409666666667
"Florida","8.57Hz","square",60,0.0839989
"Florida","8.57Hz","square",62.1428571428571,0.0808056666666667
"Florida","8.57Hz","square",64.2857142857143,0.0778674333333333
"Florida","8.57Hz","square",66.4285714285714,0.0751682333333333
"Florida","8.57Hz","square",68.5714285714286,0.0727248666666667
"Florida","8.57Hz","square",70.7142857142857,0.0703469333333333
"Florida","8.57Hz","square",72.8571428571429,0.0682072666666667
"Florida","8.57Hz","square",75,0.0662124
"Florida","8.57Hz","square",77.1428571428571,0.0643450333333333
"Florida","8.57Hz","square",79.2857142857143,0.0625928
"Florida","8.57Hz","square",81.4285714285714,0.0609610333333333
"Florida","8.57Hz","square",83.5714285714286,0.0594224333333333
"Florida","8.57Hz","square",85.7142857142857,0.0579755666666667
"Florida","8.57Hz","square",87.8571428571429,0.0566100666666667
"Florida","8.57Hz","square",90,0.0553242333333333
"Florida","8.57Hz","square",92.1428571428571,0.0541045666666667
"Florida","8.57Hz","square",94.2857142857143,0.0529557333333333
"Florida","8.57Hz","square",96.4285714285714,0.0518590666666667
"Florida","8.57Hz","square",98.5714285714286,0.0508234
"Florida","8.57Hz","square",100.714285714286,0.0498310333333333
"Florida","8.57Hz","square",102.857142857143,0.0489007333333333
"Florida","8.57Hz","square",105,0.0480045666666667
"Florida","8.57Hz","square",107.142857142857,0.0471554666666667
"Florida","8.57Hz","square",109.285714285714,0.0463456666666667
"Florida","8.57Hz","square",111.428571428571,0.0455681666666667
"Florida","8.57Hz","square",113.571428571429,0.0448335
"Florida","8.57Hz","square",115.714285714286,0.0441287
"Florida","8.57Hz","square",117.857142857143,0.0434527333333333
"Florida","8.57Hz","square",120,0.042869
"Florida","8.57Hz","square",122.142857142857,0.042195
"Florida","8.57Hz","square",124.285714285714,0.0416027
"Florida","8.57Hz","square",126.428571428571,0.0410374
"Florida","8.57Hz","square",128.571428571429,0.0405026333333333
"Florida","8.57Hz","square",130.714285714286,0.0399730666666667
"Florida","8.57Hz","square",132.857142857143,0.0394752
"Florida","8.57Hz","square",135,0.0389967333333333
"Florida","8.57Hz","square",137.142857142857,0.0385395333333333
"Florida","8.57Hz","square",139.285714285714,0.0380999
"Florida","8.57Hz","square",141.428571428571,0.0376761333333333
"Florida","8.57Hz","square",143.571428571429,0.0372707333333333
"Florida","8.57Hz","square",145.714285714286,0.0368836333333333
"Florida","8.57Hz","square",147.857142857143,0.036507
"Florida","8.57Hz","square",150,0.0361498333333333
"Florida","8.57Hz","square",152.142857142857,0.0358036
"Florida","8.57Hz","square",154.285714285714,0.0354733333333333
"Florida","8.57Hz","square",156.428571428571,0.0351549
"Florida","8.57Hz","square",158.571428571429,0.0348494333333333
"Florida","8.57Hz","square",160.714285714286,0.0345575666666667
"Florida","8.57Hz","square",162.857142857143,0.0342739333333333
"Florida","8.57Hz","square",165,0.0340071333333333
"Florida","8.57Hz","square",167.142857142857,0.0337482
"Florida","8.57Hz","square",169.285714285714,0.0335007666666667
"Florida","8.57Hz","square",171.428571428571,0.0332613666666667
"Florida","8.57Hz","square",173.571428571429,0.0330345666666667
"Florida","8.57Hz","square",175.714285714286,0.0328170666666667
"Florida","8.57Hz","square",177.857142857143,0.0326086
"Florida","8.57Hz","square",180,0.0324104
"Florida","8.57Hz","square",182.142857142857,0.0322191666666667
"Florida","8.57Hz","square",184.285714285714,0.0320376
"Florida","8.57Hz","square",186.428571428571,0.0318641666666667
"Florida","8.57Hz","square",188.571428571429,0.0316925666666667
"Florida","8.57Hz","square",190.714285714286,0.0315439
"Florida","8.57Hz","square",192.857142857143,0.0313945666666667
"Florida","8.57Hz","square",195,0.0312529
"Florida","8.57Hz","square",197.142857142857,0.0311214333333333
"Florida","8.57Hz","square",199.285714285714,0.0309941
"Florida","8.57Hz","square",201.428571428571,0.030875
"Florida","8.57Hz","square",203.571428571429,0.0307630666666667
"Florida","8.57Hz","square",205.714285714286,0.0306577333333333
"Florida","8.57Hz","square",207.857142857143,0.0305603666666667
"Florida","8.57Hz","square",210,0.0304678666666667
"Florida","8.57Hz","square",212.142857142857,0.0303845666666667
"Florida","8.57Hz","square",214.285714285714,0.0303047
"Florida","8.57Hz","square",216.428571428571,0.0302343333333333
"Florida","8.57Hz","square",218.571428571429,0.0301692
"Florida","8.57Hz","square",220.714285714286,0.0301114666666667
"Florida","8.57Hz","square",222.857142857143,0.0300577
"Florida","8.57Hz","square",225,0.0300131666666667
"Florida","8.57Hz","square",227.142857142857,0.0299730333333333
"Florida","8.57Hz","square",229.285714285714,0.0299394
"Florida","8.57Hz","square",231.428571428571,0.0299103666666667
"Florida","8.57Hz","square",233.571428571429,0.0298903333333333
"Florida","8.57Hz","square",235.714285714286,0.0298749666666667
"Florida","8.57Hz","square",237.857142857143,0.0298659666666667
"Florida","8.57Hz","sine",0,7.09003333333333e-14
"Florida","8.57Hz","sine",2.14285714285714,2.236442
"Florida","8.57Hz","sine",4.28571428571429,1.452992
"Florida","8.57Hz","sine",6.42857142857143,1.817736
"Florida","8.57Hz","sine",8.57142857142857,12.83218
"Florida","8.57Hz","sine",10.7142857142857,1.68263266666667
"Florida","8.57Hz","sine",12.8571428571429,0.914680666666667
"Florida","8.57Hz","sine",15,1.02382666666667
"Florida","8.57Hz","sine",17.1428571428571,6.39595666666667
"Florida","8.57Hz","sine",19.2857142857143,0.834584666666667
"Florida","8.57Hz","sine",21.4285714285714,0.552726333333333
"Florida","8.57Hz","sine",23.5714285714286,0.684248
"Florida","8.57Hz","sine",25.7142857142857,3.63034666666667
"Florida","8.57Hz","sine",27.8571428571429,0.587921666666667
"Florida","8.57Hz","sine",30,0.370200666666667
"Florida","8.57Hz","sine",32.1428571428571,0.33844
"Florida","8.57Hz","sine",34.2857142857143,0.819517333333333
"Florida","8.57Hz","sine",36.4285714285714,0.194615966666667
"Florida","8.57Hz","sine",38.5714285714286,0.158249166666667
"Florida","8.57Hz","sine",40.7142857142857,0.1421033
"Florida","8.57Hz","sine",42.8571428571429,0.130869366666667
"Florida","8.57Hz","sine",45,0.121859533333333
"Florida","8.57Hz","sine",47.1428571428571,0.1144199
"Florida","8.57Hz","sine",49.2857142857143,0.108052066666667
"Florida","8.57Hz","sine",51.4285714285714,0.1026021
"Florida","8.57Hz","sine",53.5714285714286,0.0975885666666667
"Florida","8.57Hz","sine",55.7142857142857,0.0932032333333333
"Florida","8.57Hz","sine",57.8571428571429,0.0892613333333333
"Florida","8.57Hz","sine",60,0.0856695333333333
"Florida","8.57Hz","sine",62.1428571428571,0.0824233333333333
"Florida","8.57Hz","sine",64.2857142857143,0.0794371
"Florida","8.57Hz","sine",66.4285714285714,0.0766932666666667
"Florida","8.57Hz","sine",68.5714285714286,0.0742271
"Florida","8.57Hz","sine",70.7142857142857,0.0717918
"Florida","8.57Hz","sine",72.8571428571429,0.0696156
"Florida","8.57Hz","sine",75,0.0675841
"Florida","8.57Hz","sine",77.1428571428571,0.0656612666666667
"Florida","8.57Hz","sine",79.2857142857143,0.0638998666666667
"Florida","8.57Hz","sine",81.4285714285714,0.0622369333333333
"Florida","8.57Hz","sine",83.5714285714286,0.060669
"Florida","8.57Hz","sine",85.7142857142857,0.0591947333333333
"Florida","8.57Hz","sine",87.8571428571429,0.0578027333333333
"Florida","8.57Hz","sine",90,0.0564927
"Florida","8.57Hz","sine",92.1428571428571,0.0552502333333333
"Florida","8.57Hz","sine",94.2857142857143,0.0540739666666667
"Florida","8.57Hz","sine",96.4285714285714,0.0529607
"Florida","8.57Hz","sine",98.5714285714286,0.0519041
"Florida","8.57Hz","sine",100.714285714286,0.0508925666666667
"Florida","8.57Hz","sine",102.857142857143,0.0499369666666667
"Florida","8.57Hz","sine",105,0.0490295666666667
"Florida","8.57Hz","sine",107.142857142857,0.0481635666666667
"Florida","8.57Hz","sine",109.285714285714,0.0473375
"Florida","8.57Hz","sine",111.428571428571,0.0465393666666667
"Florida","8.57Hz","sine",113.571428571429,0.0457956
"Florida","8.57Hz","sine",115.714285714286,0.0450764333333333
"Florida","8.57Hz","sine",117.857142857143,0.0443868666666667
"Florida","8.57Hz","sine",120,0.043788
"Florida","8.57Hz","sine",122.142857142857,0.0431033
"Florida","8.57Hz","sine",124.285714285714,0.0424988
"Florida","8.57Hz","sine",126.428571428571,0.0419217666666667
"Florida","8.57Hz","sine",128.571428571429,0.0413759666666667
"Florida","8.57Hz","sine",130.714285714286,0.0408360333333333
"Florida","8.57Hz","sine",132.857142857143,0.0403278333333333
"Florida","8.57Hz","sine",135,0.0398395666666667
"Florida","8.57Hz","sine",137.142857142857,0.0393771
"Florida","8.57Hz","sine",139.285714285714,0.0389236666666667
"Florida","8.57Hz","sine",141.428571428571,0.0384910333333333
"Florida","8.57Hz","sine",143.571428571429,0.0380779333333333
"Florida","8.57Hz","sine",145.714285714286,0.0376835666666667
"Florida","8.57Hz","sine",147.857142857143,0.0372979333333333
"Florida","8.57Hz","sine",150,0.0369334666666667
"Florida","8.57Hz","sine",152.142857142857,0.0365804333333333
"Florida","8.57Hz","sine",154.285714285714,0.0362426
"Florida","8.57Hz","sine",156.428571428571,0.0359177
"Florida","8.57Hz","sine",158.571428571429,0.0356059
"Florida","8.57Hz","sine",160.714285714286,0.0353081666666667
"Florida","8.57Hz","sine",162.857142857143,0.0350200666666667
"Florida","8.57Hz","sine",165,0.0347461
"Florida","8.57Hz","sine",167.142857142857,0.0344816
"Florida","8.57Hz","sine",169.285714285714,0.0342283
"Florida","8.57Hz","sine",171.428571428571,0.0339767333333333
"Florida","8.57Hz","sine",173.571428571429,0.0337529666666667
"Florida","8.57Hz","sine",175.714285714286,0.0335306333333333
"Florida","8.57Hz","sine",177.857142857143,0.0333177666666667
"Florida","8.57Hz","sine",180,0.0331154333333333
"Florida","8.57Hz","sine",182.142857142857,0.0329202
"Florida","8.57Hz","sine",184.285714285714,0.0327348333333333
"Florida","8.57Hz","sine",186.428571428571,0.0325577333333333
"Florida","8.57Hz","sine",188.571428571429,0.0323862333333333
"Florida","8.57Hz","sine",190.714285714286,0.0322306333333333
"Florida","8.57Hz","sine",192.857142857143,0.0320777
"Florida","8.57Hz","sine",195,0.0319331333333333
"Florida","8.57Hz","sine",197.142857142857,0.0318009666666667
"Florida","8.57Hz","sine",199.285714285714,0.0316685
"Florida","8.57Hz","sine",201.428571428571,0.031547
"Florida","8.57Hz","sine",203.571428571429,0.0314326
"Florida","8.57Hz","sine",205.714285714286,0.0313251666666667
"Florida","8.57Hz","sine",207.857142857143,0.0312256
"Florida","8.57Hz","sine",210,0.0311311
"Florida","8.57Hz","sine",212.142857142857,0.0310457666666667
"Florida","8.57Hz","sine",214.285714285714,0.0309647333333333
"Florida","8.57Hz","sine",216.428571428571,0.0308922666666667
"Florida","8.57Hz","sine",218.571428571429,0.0308260666666667
"Florida","8.57Hz","sine",220.714285714286,0.0307670666666667
"Florida","8.57Hz","sine",222.857142857143,0.0307115666666667
"Florida","8.57Hz","sine",225,0.0306662666666667
"Florida","8.57Hz","sine",227.142857142857,0.0306253333333333
"Florida","8.57Hz","sine",229.285714285714,0.0305908333333333
"Florida","8.57Hz","sine",231.428571428571,0.0305636666666667
"Florida","8.57Hz","sine",233.571428571429,0.0305405
"Florida","8.57Hz","sine",235.714285714286,0.0305248666666667
"Florida","8.57Hz","sine",237.857142857143,0.0305153666666667
"Florida","15Hz","square",0,3.55215333333333e-14
"Florida","15Hz","square",3.75,1.547339
"Florida","15Hz","square",7.5,0.900829
"Florida","15Hz","square",11.25,1.01886266666667
"Florida","15Hz","square",15,9.10014666666667
"Florida","15Hz","square",18.75,0.663099
"Florida","15Hz","square",22.5,0.418196
"Florida","15Hz","square",26.25,0.458469333333333
"Florida","15Hz","square",30,3.43596666666667
"Florida","15Hz","square",33.75,0.292942666666667
"Florida","15Hz","square",37.5,0.180923233333333
"Florida","15Hz","square",41.25,0.1480108
"Florida","15Hz","square",45,0.1292508
"Florida","15Hz","square",48.75,0.115935766666667
"Florida","15Hz","square",52.5,0.105786266666667
"Florida","15Hz","square",56.25,0.0975955
"Florida","15Hz","square",60,0.0907816666666667
"Florida","15Hz","square",63.75,0.0850058
"Florida","15Hz","square",67.5,0.0800222666666667
"Florida","15Hz","square",71.25,0.0756731
"Florida","15Hz","square",75,0.0719293333333333
"Florida","15Hz","square",78.75,0.0684332
"Florida","15Hz","square",82.5,0.0653948333333333
"Florida","15Hz","square",86.25,0.0626596333333333
"Florida","15Hz","square",90,0.0601860666666667
"Florida","15Hz","square",93.75,0.0579464333333333
"Florida","15Hz","square",97.5,0.0559056333333333
"Florida","15Hz","square",101.25,0.0540353333333333
"Florida","15Hz","square",105,0.0523336333333333
"Florida","15Hz","square",108.75,0.0507496333333333
"Florida","15Hz","square",112.5,0.0492985666666667
"Florida","15Hz","square",116.25,0.0479581333333333
"Florida","15Hz","square",120,0.0467540333333333
"Florida","15Hz","square",123.75,0.0455734
"Florida","15Hz","square",127.5,0.0445077
"Florida","15Hz","square",131.25,0.0435179333333333
"Florida","15Hz","square",135,0.0425909333333333
"Florida","15Hz","square",138.75,0.0417427333333333
"Florida","15Hz","square",142.5,0.0409447333333333
"Florida","15Hz","square",146.25,0.0402023666666667
"Florida","15Hz","square",150,0.0395127666666667
"Florida","15Hz","square",153.75,0.0388667666666667
"Florida","15Hz","square",157.5,0.0382665666666667
"Florida","15Hz","square",161.25,0.0377078333333333
"Florida","15Hz","square",165,0.0371806
"Florida","15Hz","square",168.75,0.0367039666666667
"Florida","15Hz","square",172.5,0.0362548333333333
"Florida","15Hz","square",176.25,0.0358384666666667
"Florida","15Hz","square",180,0.0354543666666667
"Florida","15Hz","square",183.75,0.0350981
"Florida","15Hz","square",187.5,0.0347708
"Florida","15Hz","square",191.25,0.0344709666666667
"Florida","15Hz","square",195,0.0341916333333333
"Florida","15Hz","square",198.75,0.0339486333333333
"Florida","15Hz","square",202.5,0.0337237666666667
"Florida","15Hz","square",206.25,0.0335227333333333
"Florida","15Hz","square",210,0.0333422666666667
"Florida","15Hz","square",213.75,0.0331882666666667
"Florida","15Hz","square",217.5,0.0330533666666667
"Florida","15Hz","square",221.25,0.0329405666666667
"Florida","15Hz","square",225,0.0328481666666667
"Florida","15Hz","square",228.75,0.0327769
"Florida","15Hz","square",232.5,0.0327258333333333
"Florida","15Hz","square",236.25,0.0326955666666667
"Florida","15Hz","sine",0,3.31653333333333e-14
"Florida","15Hz","sine",3.75,1.24113566666667
"Florida","15Hz","sine",7.5,0.777179333333333
"Florida","15Hz","sine",11.25,0.918428333333333
"Florida","15Hz","sine",15,8.48706333333333
"Florida","15Hz","sine",18.75,0.636242666666667
"Florida","15Hz","sine",22.5,0.398454666666667
"Florida","15Hz","sine",26.25,0.429034
"Florida","15Hz","sine",30,3.16555666666667
"Florida","15Hz","sine",33.75,0.277604
"Florida","15Hz","sine",37.5,0.1636424
"Florida","15Hz","sine",41.25,0.131164
"Florida","15Hz","sine",45,0.113028266666667
"Florida","15Hz","sine",48.75,0.100508
"Florida","15Hz","sine",52.5,0.0910964333333333
"Florida","15Hz","sine",56.25,0.0836122333333333
"Florida","15Hz","sine",60,0.0774418
"Florida","15Hz","sine",63.75,0.0722923333333333
"Florida","15Hz","sine",67.5,0.0678722
"Florida","15Hz","sine",71.25,0.0640417
"Florida","15Hz","sine",75,0.0607457
"Florida","15Hz","sine",78.75,0.0577105666666667
"Florida","15Hz","sine",82.5,0.0550749
"Florida","15Hz","sine",86.25,0.052709
"Florida","15Hz","sine",90,0.0505831
"Florida","15Hz","sine",93.75,0.0486502333333333
"Florida","15Hz","sine",97.5,0.0468989666666667
"Florida","15Hz","sine",101.25,0.0452955666666667
"Florida","15Hz","sine",105,0.0438372333333333
"Florida","15Hz","sine",108.75,0.0424908333333333
"Florida","15Hz","sine",112.5,0.0412546333333333
"Florida","15Hz","sine",116.25,0.0401139666666667
"Florida","15Hz","sine",120,0.0391168333333333
"Florida","15Hz","sine",123.75,0.0380894666666667
"Florida","15Hz","sine",127.5,0.0371849666666667
"Florida","15Hz","sine",131.25,0.0363463333333333
"Florida","15Hz","sine",135,0.0355618
"Florida","15Hz","sine",138.75,0.0348448666666667
"Florida","15Hz","sine",142.5,0.0341699
"Florida","15Hz","sine",146.25,0.0335428666666667
"Florida","15Hz","sine",150,0.0329626333333333
"Florida","15Hz","sine",153.75,0.0324156
"Florida","15Hz","sine",157.5,0.0319091
"Florida","15Hz","sine",161.25,0.0314385666666667
"Florida","15Hz","sine",165,0.0309995666666667
"Florida","15Hz","sine",168.75,0.0305923666666667
"Florida","15Hz","sine",172.5,0.0302142666666667
"Florida","15Hz","sine",176.25,0.0298638666666667
"Florida","15Hz","sine",180,0.0295410666666667
"Florida","15Hz","sine",183.75,0.0292409
"Florida","15Hz","sine",187.5,0.0289659
"Florida","15Hz","sine",191.25,0.0287135333333333
"Florida","15Hz","sine",195,0.0284765333333333
"Florida","15Hz","sine",198.75,0.0282746666666667
"Florida","15Hz","sine",202.5,0.0280857666666667
"Florida","15Hz","sine",206.25,0.0279166666666667
"Florida","15Hz","sine",210,0.027764
"Florida","15Hz","sine",213.75,0.0276353666666667
"Florida","15Hz","sine",217.5,0.0275221666666667
"Florida","15Hz","sine",221.25,0.0274277
"Florida","15Hz","sine",225,0.0273515
"Florida","15Hz","sine",228.75,0.0272902
"Florida","15Hz","sine",232.5,0.0272474666666667
"Florida","15Hz","sine",236.25,0.0272216
"Leipzig","6Hz","square",0,3.91837e-13
"Leipzig","6Hz","square",1.5,4.31570666666667
"Leipzig","6Hz","square",3,2.65129666666667
"Leipzig","6Hz","square",4.5,2.41606666666667
"Leipzig","6Hz","square",6,26.3411666666667
"Leipzig","6Hz","square",7.5,1.544659
"Leipzig","6Hz","square",9,1.260237
"Leipzig","6Hz","square",10.5,1.839524
"Leipzig","6Hz","square",12,10.5032933333333
"Leipzig","6Hz","square",13.5,1.20973566666667
"Leipzig","6Hz","square",15,0.794078666666667
"Leipzig","6Hz","square",16.5,0.932661
"Leipzig","6Hz","square",18,6.97830333333333
"Leipzig","6Hz","square",19.5,0.918717333333333
"Leipzig","6Hz","square",21,0.679696
"Leipzig","6Hz","square",22.5,0.868791
"Leipzig","6Hz","square",24,4.53426333333333
"Leipzig","6Hz","square",25.5,0.701327
"Leipzig","6Hz","square",27,0.510540333333333
"Leipzig","6Hz","square",28.5,0.656030333333333
"Leipzig","6Hz","square",30,3.15241666666667
"Leipzig","6Hz","square",31.5,0.624617666666667
"Leipzig","6Hz","square",33,0.451228
"Leipzig","6Hz","square",34.5,0.606188
"Leipzig","6Hz","square",36,2.59520333333333
"Leipzig","6Hz","square",37.5,0.559096666666667
"Leipzig","6Hz","square",39,0.403506666666667
"Leipzig","6Hz","square",40.5,0.554348333333333
"Leipzig","6Hz","square",42,2.50432666666667
"Leipzig","6Hz","square",43.5,0.517912
"Leipzig","6Hz","square",45,0.385556666666667
"Leipzig","6Hz","square",46.5,0.502535333333333
"Leipzig","6Hz","square",48,2.19621666666667
"Leipzig","6Hz","square",49.5,0.598792
"Leipzig","6Hz","square",51,0.404691666666667
"Leipzig","6Hz","square",52.5,0.484393666666667
"Leipzig","6Hz","square",54,2.12463166666667
"Leipzig","6Hz","square",55.5,0.477755333333333
"Leipzig","6Hz","square",57,0.344680666666667
"Leipzig","6Hz","square",58.5,0.466758333333333
"Leipzig","6Hz","square",60,2.06763
"Leipzig","6Hz","square",61.5,0.45651
"Leipzig","6Hz","square",63,0.315045
"Leipzig","6Hz","square",64.5,0.452112333333333
"Leipzig","6Hz","square",66,1.83449066666667
"Leipzig","6Hz","square",67.5,0.443195333333333
"Leipzig","6Hz","square",69,0.312253666666667
"Leipzig","6Hz","square",70.5,0.415228333333333
"Leipzig","6Hz","square",72,1.72424733333333
"Leipzig","6Hz","square",73.5,0.402126666666667
"Leipzig","6Hz","square",75,0.285911666666667
"Leipzig","6Hz","square",76.5,0.387457333333333
"Leipzig","6Hz","square",78,1.578782
"Leipzig","6Hz","square",79.5,0.365207666666667
"Leipzig","6Hz","square",81,0.265088
"Leipzig","6Hz","square",82.5,0.358146666666667
"Leipzig","6Hz","square",84,1.43557433333333
"Leipzig","6Hz","square",85.5,0.349743666666667
"Leipzig","6Hz","square",87,0.250909
"Leipzig","6Hz","square",88.5,0.333777
"Leipzig","6Hz","square",90,1.35659966666667
"Leipzig","6Hz","square",91.5,0.330621666666667
"Leipzig","6Hz","square",93,0.2270285
"Leipzig","6Hz","square",94.5,0.314698
"Leipzig","6Hz","square",96,1.250147
"Leipzig","6Hz","square",97.5,0.302012666666667
"Leipzig","6Hz","square",99,0.2160333
"Leipzig","6Hz","square",100.5,0.288759
"Leipzig","6Hz","square",102,1.16547233333333
"Leipzig","6Hz","square",103.5,0.270161333333333
"Leipzig","6Hz","square",105,0.192128166666667
"Leipzig","6Hz","square",106.5,0.250145666666667
"Leipzig","6Hz","square",108,0.92663
"Leipzig","6Hz","square",109.5,0.2293174
"Leipzig","6Hz","square",111,0.151604166666667
"Leipzig","6Hz","square",112.5,0.1721566
"Leipzig","6Hz","square",114,0.547969666666667
"Leipzig","6Hz","square",115.5,0.135060966666667
"Leipzig","6Hz","square",117,0.0957833
"Leipzig","6Hz","square",118.5,0.0905181666666667
"Leipzig","6Hz","square",120,0.1783694
"Leipzig","6Hz","square",121.5,0.0740458
"Leipzig","6Hz","square",123,0.0677382
"Leipzig","6Hz","square",124.5,0.0650449666666667
"Leipzig","6Hz","square",126,0.0695710333333333
"Leipzig","6Hz","square",127.5,0.0618877333333333
"Leipzig","6Hz","square",129,0.0601004666666667
"Leipzig","6Hz","square",130.5,0.0590216666666667
"Leipzig","6Hz","square",132,0.0622367333333333
"Leipzig","6Hz","square",133.5,0.0573883666666667
"Leipzig","6Hz","square",135,0.0566389666666667
"Leipzig","6Hz","square",136.5,0.0555562666666667
"Leipzig","6Hz","square",138,0.0714393666666667
"Leipzig","6Hz","square",139.5,0.0546727666666667
"Leipzig","6Hz","square",141,0.0531799
"Leipzig","6Hz","square",142.5,0.0528592
"Leipzig","6Hz","square",144,0.0579259
"Leipzig","6Hz","square",145.5,0.05174
"Leipzig","6Hz","square",147,0.0509064
"Leipzig","6Hz","square",148.5,0.0503426333333333
"Leipzig","6Hz","square",150,0.0498965333333333
"Leipzig","6Hz","square",151.5,0.0493684
"Leipzig","6Hz","square",153,0.0489145
"Leipzig","6Hz","square",154.5,0.0484751
"Leipzig","6Hz","square",156,0.0480839
"Leipzig","6Hz","square",157.5,0.0476841333333333
"Leipzig","6Hz","square",159,0.0473043666666667
"Leipzig","6Hz","square",160.5,0.0469137666666667
"Leipzig","6Hz","square",162,0.0467044333333333
"Leipzig","6Hz","square",163.5,0.0462734666666667
"Leipzig","6Hz","square",165,0.0459337333333333
"Leipzig","6Hz","square",166.5,0.0456218
"Leipzig","6Hz","square",168,0.0453437
"Leipzig","6Hz","square",169.5,0.0450361333333333
"Leipzig","6Hz","square",171,0.0447514666666667
"Leipzig","6Hz","square",172.5,0.044496
"Leipzig","6Hz","square",174,0.0442869
"Leipzig","6Hz","square",175.5,0.0439559
"Leipzig","6Hz","square",177,0.0437217666666667
"Leipzig","6Hz","square",178.5,0.0434868333333333
"Leipzig","6Hz","square",180,0.0433142666666667
"Leipzig","6Hz","square",181.5,0.0430450666666667
"Leipzig","6Hz","square",183,0.0428275
"Leipzig","6Hz","square",184.5,0.0426215333333333
"Leipzig","6Hz","square",186,0.0425210666666667
"Leipzig","6Hz","square",187.5,0.0422421
"Leipzig","6Hz","square",189,0.0420726
"Leipzig","6Hz","square",190.5,0.0418932666666667
"Leipzig","6Hz","square",192,0.0416537333333333
"Leipzig","6Hz","square",193.5,0.0415581
"Leipzig","6Hz","square",195,0.0414076666666667
"Leipzig","6Hz","square",196.5,0.0412705
"Leipzig","6Hz","square",198,0.0411719666666667
"Leipzig","6Hz","square",199.5,0.0410030666666667
"Leipzig","6Hz","square",201,0.0408615333333333
"Leipzig","6Hz","square",202.5,0.0407347333333333
"Leipzig","6Hz","square",204,0.0406826666666667
"Leipzig","6Hz","square",205.5,0.0405221333333333
"Leipzig","6Hz","square",207,0.04038
"Leipzig","6Hz","square",208.5,0.0402599333333333
"Leipzig","6Hz","square",210,0.0401892666666667
"Leipzig","6Hz","square",211.5,0.0401061666666667
"Leipzig","6Hz","square",213,0.0399745
"Leipzig","6Hz","square",214.5,0.0399163
"Leipzig","6Hz","square",216,0.0398202333333333
"Leipzig","6Hz","square",217.5,0.0399373666666667
"Leipzig","6Hz","square",219,0.0395743333333333
"Leipzig","6Hz","square",220.5,0.0396867333333333
"Leipzig","6Hz","square",222,0.0398554666666667
"Leipzig","6Hz","square",223.5,0.0395040333333333
"Leipzig","6Hz","square",225,0.0394857666666667
"Leipzig","6Hz","square",226.5,0.0394741666666667
"Leipzig","6Hz","square",228,0.0393939
"Leipzig","6Hz","square",229.5,0.0395106666666667
"Leipzig","6Hz","square",231,0.0392194666666667
"Leipzig","6Hz","square",232.5,0.0392709
"Leipzig","6Hz","square",234,0.0394617
"Leipzig","6Hz","square",235.5,0.039207
"Leipzig","6Hz","square",237,0.0391940666666667
"Leipzig","6Hz","square",238.5,0.0391759333333333
"Leipzig","6Hz","sine",0,4.10794333333333e-13
"Leipzig","6Hz","sine",1.5,2.66983
"Leipzig","6Hz","sine",3,1.523694
"Leipzig","6Hz","sine",4.5,1.70684233333333
"Leipzig","6Hz","sine",6,18.9387666666667
"Leipzig","6Hz","sine",7.5,1.362788
"Leipzig","6Hz","sine",9,1.085782
"Leipzig","6Hz","sine",10.5,1.73487133333333
"Leipzig","6Hz","sine",12,9.41196666666667
"Leipzig","6Hz","sine",13.5,1.12191733333333
"Leipzig","6Hz","sine",15,0.743554333333333
"Leipzig","6Hz","sine",16.5,0.904617666666667
"Leipzig","6Hz","sine",18,5.77701666666667
"Leipzig","6Hz","sine",19.5,0.901829
"Leipzig","6Hz","sine",21,0.620570333333333
"Leipzig","6Hz","sine",22.5,0.767131
"Leipzig","6Hz","sine",24,4.10010666666667
"Leipzig","6Hz","sine",25.5,0.676574666666667
"Leipzig","6Hz","sine",27,0.491440666666667
"Leipzig","6Hz","sine",28.5,0.638179333333333
"Leipzig","6Hz","sine",30,2.91495333333333
"Leipzig","6Hz","sine",31.5,0.618361666666667
"Leipzig","6Hz","sine",33,0.43233
"Leipzig","6Hz","sine",34.5,0.569501666666667
"Leipzig","6Hz","sine",36,2.40272333333333
"Leipzig","6Hz","sine",37.5,0.562698333333333
"Leipzig","6Hz","sine",39,0.399496666666667
"Leipzig","6Hz","sine",40.5,0.506701333333333
"Leipzig","6Hz","sine",42,2.32094
"Leipzig","6Hz","sine",43.5,0.525071
"Leipzig","6Hz","sine",45,0.367287333333333
"Leipzig","6Hz","sine",46.5,0.511495
"Leipzig","6Hz","sine",48,2.221259
"Leipzig","6Hz","sine",49.5,0.612739
"Leipzig","6Hz","sine",51,0.375973666666667
"Leipzig","6Hz","sine",52.5,0.479803666666667
"Leipzig","6Hz","sine",54,2.10778766666667
"Leipzig","6Hz","sine",55.5,0.459771666666667
"Leipzig","6Hz","sine",57,0.320525666666667
"Leipzig","6Hz","sine",58.5,0.434921666666667
"Leipzig","6Hz","sine",60,2.13623333333333
"Leipzig","6Hz","sine",61.5,0.442282333333333
"Leipzig","6Hz","sine",63,0.314813
"Leipzig","6Hz","sine",64.5,0.421646333333333
"Leipzig","6Hz","sine",66,1.79885833333333
"Leipzig","6Hz","sine",67.5,0.401555
"Leipzig","6Hz","sine",69,0.286871666666667
"Leipzig","6Hz","sine",70.5,0.394575333333333
"Leipzig","6Hz","sine",72,1.60303633333333
"Leipzig","6Hz","sine",73.5,0.38273
"Leipzig","6Hz","sine",75,0.273433666666667
"Leipzig","6Hz","sine",76.5,0.382573666666667
"Leipzig","6Hz","sine",78,1.48875933333333
"Leipzig","6Hz","sine",79.5,0.361603666666667
"Leipzig","6Hz","sine",81,0.254040333333333
"Leipzig","6Hz","sine",82.5,0.345248333333333
"Leipzig","6Hz","sine",84,1.41778133333333
"Leipzig","6Hz","sine",85.5,0.339599
"Leipzig","6Hz","sine",87,0.235923366666667
"Leipzig","6Hz","sine",88.5,0.32102
"Leipzig","6Hz","sine",90,1.33446066666667
"Leipzig","6Hz","sine",91.5,0.315852333333333
"Leipzig","6Hz","sine",93,0.2216274
"Leipzig","6Hz","sine",94.5,0.300578333333333
"Leipzig","6Hz","sine",96,1.18667166666667
"Leipzig","6Hz","sine",97.5,0.285281
"Leipzig","6Hz","sine",99,0.205537833333333
"Leipzig","6Hz","sine",100.5,0.280061
"Leipzig","6Hz","sine",102,1.167193
"Leipzig","6Hz","sine",103.5,0.276525666666667
"Leipzig","6Hz","sine",105,0.1829835
"Leipzig","6Hz","sine",106.5,0.249046333333333
"Leipzig","6Hz","sine",108,0.933444666666667
"Leipzig","6Hz","sine",109.5,0.224689366666667
"Leipzig","6Hz","sine",111,0.145081233333333
"Leipzig","6Hz","sine",112.5,0.160914333333333
"Leipzig","6Hz","sine",114,0.547564333333333
"Leipzig","6Hz","sine",115.5,0.1300361
"Leipzig","6Hz","sine",117,0.0823842666666667
"Leipzig","6Hz","sine",118.5,0.0771920333333333
"Leipzig","6Hz","sine",120,0.1845622
"Leipzig","6Hz","sine",121.5,0.0614860333333333
"Leipzig","6Hz","sine",123,0.0537681
"Leipzig","6Hz","sine",124.5,0.0511552666666667
"Leipzig","6Hz","sine",126,0.0573250666666667
"Leipzig","6Hz","sine",127.5,0.0479100666666667
"Leipzig","6Hz","sine",129,0.0462948
"Leipzig","6Hz","sine",130.5,0.0454315
"Leipzig","6Hz","sine",132,0.0494781
"Leipzig","6Hz","sine",133.5,0.0434782
"Leipzig","6Hz","sine",135,0.0424666
"Leipzig","6Hz","sine",136.5,0.0430121666666667
"Leipzig","6Hz","sine",138,0.0587141666666667
"Leipzig","6Hz","sine",139.5,0.0411948666666667
"Leipzig","6Hz","sine",141,0.0399817
"Leipzig","6Hz","sine",142.5,0.0397285333333333
"Leipzig","6Hz","sine",144,0.0459211666666667
"Leipzig","6Hz","sine",145.5,0.0383615
"Leipzig","6Hz","sine",147,0.0375339333333333
"Leipzig","6Hz","sine",148.5,0.0370552
"Leipzig","6Hz","sine",150,0.0366243333333333
"Leipzig","6Hz","sine",151.5,0.0362522333333333
"Leipzig","6Hz","sine",153,0.0358262666666667
"Leipzig","6Hz","sine",154.5,0.0354718666666667
"Leipzig","6Hz","sine",156,0.035117
"Leipzig","6Hz","sine",157.5,0.0347828666666667
"Leipzig","6Hz","sine",159,0.0344691
"Leipzig","6Hz","sine",160.5,0.0341227333333333
"Leipzig","6Hz","sine",162,0.0339699666666667
"Leipzig","6Hz","sine",163.5,0.0335650666666667
"Leipzig","6Hz","sine",165,0.0332912
"Leipzig","6Hz","sine",166.5,0.0330293333333333
"Leipzig","6Hz","sine",168,0.0327610333333333
"Leipzig","6Hz","sine",169.5,0.0325398666666667
"Leipzig","6Hz","sine",171,0.0322917
"Leipzig","6Hz","sine",172.5,0.0320755666666667
"Leipzig","6Hz","sine",174,0.0319015666666667
"Leipzig","6Hz","sine",175.5,0.0316635
"Leipzig","6Hz","sine",177,0.0314570333333333
"Leipzig","6Hz","sine",178.5,0.0312626333333333
"Leipzig","6Hz","sine",180,0.0311433333333333
"Leipzig","6Hz","sine",181.5,0.0308977
"Leipzig","6Hz","sine",183,0.030727
"Leipzig","6Hz","sine",184.5,0.0305557666666667
"Leipzig","6Hz","sine",186,0.0304031
"Leipzig","6Hz","sine",187.5,0.0302496333333333
"Leipzig","6Hz","sine",189,0.0301022666666667
"Leipzig","6Hz","sine",190.5,0.0299667333333333
"Leipzig","6Hz","sine",192,0.0293762333333333
"Leipzig","6Hz","sine",193.5,0.0296947
"Leipzig","6Hz","sine",195,0.0295649333333333
"Leipzig","6Hz","sine",196.5,0.0294535
"Leipzig","6Hz","sine",198,0.0293462
"Leipzig","6Hz","sine",199.5,0.0292122333333333
"Leipzig","6Hz","sine",201,0.0291098
"Leipzig","6Hz","sine",202.5,0.0290048
"Leipzig","6Hz","sine",204,0.0289243333333333
"Leipzig","6Hz","sine",205.5,0.0288265
"Leipzig","6Hz","sine",207,0.0287308
"Leipzig","6Hz","sine",208.5,0.0286361333333333
"Leipzig","6Hz","sine",210,0.0285931333333333
"Leipzig","6Hz","sine",211.5,0.0285023666666667
"Leipzig","6Hz","sine",213,0.0283809666666667
"Leipzig","6Hz","sine",214.5,0.0283294666666667
"Leipzig","6Hz","sine",216,0.0283016
"Leipzig","6Hz","sine",217.5,0.0281963666666667
"Leipzig","6Hz","sine",219,0.0281655333333333
"Leipzig","6Hz","sine",220.5,0.0281056666666667
"Leipzig","6Hz","sine",222,0.0282585
"Leipzig","6Hz","sine",223.5,0.0281099666666667
"Leipzig","6Hz","sine",225,0.0281689
"Leipzig","6Hz","sine",226.5,0.0280383666666667
"Leipzig","6Hz","sine",228,0.0279982333333333
"Leipzig","6Hz","sine",229.5,0.0279777
"Leipzig","6Hz","sine",231,0.0278804333333333
"Leipzig","6Hz","sine",232.5,0.0278847
"Leipzig","6Hz","sine",234,0.0279915666666667
"Leipzig","6Hz","sine",235.5,0.0278232
"Leipzig","6Hz","sine",237,0.0277803333333333
"Leipzig","6Hz","sine",238.5,0.0277707666666667
"Leipzig","8.57Hz","square",0,6.76363333333333e-13
"Leipzig","8.57Hz","square",2.14285714285714,2.21115766666667
"Leipzig","8.57Hz","square",4.28571428571429,1.20863266666667
"Leipzig","8.57Hz","square",6.42857142857143,1.36896733333333
"Leipzig","8.57Hz","square",8.57142857142857,21.4788533333333
"Leipzig","8.57Hz","square",10.7142857142857,1.38241933333333
"Leipzig","8.57Hz","square",12.8571428571429,0.784921333333333
"Leipzig","8.57Hz","square",15,0.850543
"Leipzig","8.57Hz","square",17.1428571428571,8.64864
"Leipzig","8.57Hz","square",19.2857142857143,0.672031333333333
"Leipzig","8.57Hz","square",21.4285714285714,0.468951333333333
"Leipzig","8.57Hz","square",23.5714285714286,0.586796333333333
"Leipzig","8.57Hz","square",25.7142857142857,5.85538333333333
"Leipzig","8.57Hz","square",27.8571428571429,0.536364
"Leipzig","8.57Hz","square",30,0.374882333333333
"Leipzig","8.57Hz","square",32.1428571428571,0.484556666666667
"Leipzig","8.57Hz","square",34.2857142857143,3.12216
"Leipzig","8.57Hz","square",36.4285714285714,0.445931333333333
"Leipzig","8.57Hz","square",38.5714285714286,0.323822
"Leipzig","8.57Hz","square",40.7142857142857,0.424341666666667
"Leipzig","8.57Hz","square",42.8571428571429,2.66672666666667
"Leipzig","8.57Hz","square",45,0.386966333333333
"Leipzig","8.57Hz","square",47.1428571428571,0.300415
"Leipzig","8.57Hz","square",49.2857142857143,0.536124666666667
"Leipzig","8.57Hz","square",51.4285714285714,2.22800333333333
"Leipzig","8.57Hz","square",53.5714285714286,0.375953333333333
"Leipzig","8.57Hz","square",55.7142857142857,0.268246
"Leipzig","8.57Hz","square",57.8571428571429,0.35509
"Leipzig","8.57Hz","square",60,2.18069666666667
"Leipzig","8.57Hz","square",62.1428571428571,0.339948333333333
"Leipzig","8.57Hz","square",64.2857142857143,0.239083
"Leipzig","8.57Hz","square",66.4285714285714,0.32109
"Leipzig","8.57Hz","square",68.5714285714286,1.72141566666667
"Leipzig","8.57Hz","square",70.7142857142857,0.311527666666667
"Leipzig","8.57Hz","square",72.8571428571429,0.221572
"Leipzig","8.57Hz","square",75,0.291806
"Leipzig","8.57Hz","square",77.1428571428571,1.525849
"Leipzig","8.57Hz","square",79.2857142857143,0.280507
"Leipzig","8.57Hz","square",81.4285714285714,0.206127966666667
"Leipzig","8.57Hz","square",83.5714285714286,0.269162333333333
"Leipzig","8.57Hz","square",85.7142857142857,1.42824433333333
"Leipzig","8.57Hz","square",87.8571428571429,0.259766066666667
"Leipzig","8.57Hz","square",90,0.1803446
"Leipzig","8.57Hz","square",92.1428571428571,0.239779633333333
"Leipzig","8.57Hz","square",94.2857142857143,1.27710233333333
"Leipzig","8.57Hz","square",96.4285714285714,0.226659733333333
"Leipzig","8.57Hz","square",98.5714285714286,0.1617502
"Leipzig","8.57Hz","square",100.714285714286,0.2126379
"Leipzig","8.57Hz","square",102.857142857143,1.073126
"Leipzig","8.57Hz","square",105,0.2043742
"Leipzig","8.57Hz","square",107.142857142857,0.136569566666667
"Leipzig","8.57Hz","square",109.285714285714,0.160792933333333
"Leipzig","8.57Hz","square",111.428571428571,0.713633
"Leipzig","8.57Hz","square",113.571428571429,0.1306398
"Leipzig","8.57Hz","square",115.714285714286,0.0812998
"Leipzig","8.57Hz","square",117.857142857143,0.0729762
"Leipzig","8.57Hz","square",120,0.185809033333333
"Leipzig","8.57Hz","square",122.142857142857,0.0587916333333333
"Leipzig","8.57Hz","square",124.285714285714,0.0533978333333333
"Leipzig","8.57Hz","square",126.428571428571,0.0512467333333333
"Leipzig","8.57Hz","square",128.571428571429,0.0551403333333333
"Leipzig","8.57Hz","square",130.714285714286,0.0482098
"Leipzig","8.57Hz","square",132.857142857143,0.0466695666666667
"Leipzig","8.57Hz","square",135,0.0459060333333333
"Leipzig","8.57Hz","square",137.142857142857,0.0607554666666667
"Leipzig","8.57Hz","square",139.285714285714,0.0442749666666667
"Leipzig","8.57Hz","square",141.428571428571,0.0429580333333333
"Leipzig","8.57Hz","square",143.571428571429,0.0423852333333333
"Leipzig","8.57Hz","square",145.714285714286,0.0441205666666667
"Leipzig","8.57Hz","square",147.857142857143,0.0410063666666667
"Leipzig","8.57Hz","square",150,0.040336
"Leipzig","8.57Hz","square",152.142857142857,0.0397663666666667
"Leipzig","8.57Hz","square",154.285714285714,0.0392700333333333
"Leipzig","8.57Hz","square",156.428571428571,0.0387198
"Leipzig","8.57Hz","square",158.571428571429,0.0382575666666667
"Leipzig","8.57Hz","square",160.714285714286,0.0378049333333333
"Leipzig","8.57Hz","square",162.857142857143,0.0374795
"Leipzig","8.57Hz","square",165,0.0369971666666667
"Leipzig","8.57Hz","square",167.142857142857,0.0366189666666667
"Leipzig","8.57Hz","square",169.285714285714,0.0362622333333333
"Leipzig","8.57Hz","square",171.428571428571,0.0359558333333333
"Leipzig","8.57Hz","square",173.571428571429,0.0356183333333333
"Leipzig","8.57Hz","square",175.714285714286,0.0353153666666667
"Leipzig","8.57Hz","square",177.857142857143,0.0350293333333333
"Leipzig","8.57Hz","square",180,0.0347460666666667
"Leipzig","8.57Hz","square",182.142857142857,0.0344792333333333
"Leipzig","8.57Hz","square",184.285714285714,0.0342471333333333
"Leipzig","8.57Hz","square",186.428571428571,0.0340156666666667
"Leipzig","8.57Hz","square",188.571428571429,0.0338080666666667
"Leipzig","8.57Hz","square",190.714285714286,0.0335792666666667
"Leipzig","8.57Hz","square",192.857142857143,0.0333676666666667
"Leipzig","8.57Hz","square",195,0.0331775666666667
"Leipzig","8.57Hz","square",197.142857142857,0.0331185
"Leipzig","8.57Hz","square",199.285714285714,0.0328512333333333
"Leipzig","8.57Hz","square",201.428571428571,0.0326896
"Leipzig","8.57Hz","square",203.571428571429,0.0325519333333333
"Leipzig","8.57Hz","square",205.714285714286,0.0324813333333333
"Leipzig","8.57Hz","square",207.857142857143,0.0322747666666667
"Leipzig","8.57Hz","square",210,0.0321580333333333
"Leipzig","8.57Hz","square",212.142857142857,0.0320366333333333
"Leipzig","8.57Hz","square",214.285714285714,0.0319218
"Leipzig","8.57Hz","square",216.428571428571,0.0318434
"Leipzig","8.57Hz","square",218.571428571429,0.0317741666666667
"Leipzig","8.57Hz","square",220.714285714286,0.0317082
"Leipzig","8.57Hz","square",222.857142857143,0.0318612333333333
"Leipzig","8.57Hz","square",225,0.0315899
"Leipzig","8.57Hz","square",227.142857142857,0.0315242
"Leipzig","8.57Hz","square",229.285714285714,0.0314944333333333
"Leipzig","8.57Hz","square",231.428571428571,0.0315349
"Leipzig","8.57Hz","square",233.571428571429,0.0312463333333333
"Leipzig","8.57Hz","square",235.714285714286,0.0313246666666667
"Leipzig","8.57Hz","square",237.857142857143,0.0313344666666667
"Leipzig","8.57Hz","sine",0,6.81408666666667e-13
"Leipzig","8.57Hz","sine",2.14285714285714,2.46862333333333
"Leipzig","8.57Hz","sine",4.28571428571429,1.281438
"Leipzig","8.57Hz","sine",6.42857142857143,1.501697
"Leipzig","8.57Hz","sine",8.57142857142857,15.4867366666667
"Leipzig","8.57Hz","sine",10.7142857142857,1.38830033333333
"Leipzig","8.57Hz","sine",12.8571428571429,0.732085333333333
"Leipzig","8.57Hz","sine",15,0.796737
"Leipzig","8.57Hz","sine",17.1428571428571,7.21909333333333
"Leipzig","8.57Hz","sine",19.2857142857143,0.658949
"Leipzig","8.57Hz","sine",21.4285714285714,0.443179
"Leipzig","8.57Hz","sine",23.5714285714286,0.546172
"Leipzig","8.57Hz","sine",25.7142857142857,4.33675333333333
"Leipzig","8.57Hz","sine",27.8571428571429,0.506641666666667
"Leipzig","8.57Hz","sine",30,0.366484666666667
"Leipzig","8.57Hz","sine",32.1428571428571,0.459758
"Leipzig","8.57Hz","sine",34.2857142857143,3.00594333333333
"Leipzig","8.57Hz","sine",36.4285714285714,0.439741333333333
"Leipzig","8.57Hz","sine",38.5714285714286,0.316374333333333
"Leipzig","8.57Hz","sine",40.7142857142857,0.418510666666667
"Leipzig","8.57Hz","sine",42.8571428571429,2.4103
"Leipzig","8.57Hz","sine",45,0.400734333333333
"Leipzig","8.57Hz","sine",47.1428571428571,0.301497333333333
"Leipzig","8.57Hz","sine",49.2857142857143,0.539582333333333
"Leipzig","8.57Hz","sine",51.4285714285714,2.22095666666667
"Leipzig","8.57Hz","sine",53.5714285714286,0.377281
"Leipzig","8.57Hz","sine",55.7142857142857,0.263524333333333
"Leipzig","8.57Hz","sine",57.8571428571429,0.357543666666667
"Leipzig","8.57Hz","sine",60,2.1636
"Leipzig","8.57Hz","sine",62.1428571428571,0.345862666666667
"Leipzig","8.57Hz","sine",64.2857142857143,0.245119
"Leipzig","8.57Hz","sine",66.4285714285714,0.318616666666667
"Leipzig","8.57Hz","sine",68.5714285714286,1.687617
"Leipzig","8.57Hz","sine",70.7142857142857,0.310210333333333
"Leipzig","8.57Hz","sine",72.8571428571429,0.216777666666667
"Leipzig","8.57Hz","sine",75,0.293034
"Leipzig","8.57Hz","sine",77.1428571428571,1.53282266666667
"Leipzig","8.57Hz","sine",79.2857142857143,0.281074666666667
"Leipzig","8.57Hz","sine",81.4285714285714,0.204976133333333
"Leipzig","8.57Hz","sine",83.5714285714286,0.268443666666667
"Leipzig","8.57Hz","sine",85.7142857142857,1.39591733333333
"Leipzig","8.57Hz","sine",87.8571428571429,0.251782333333333
"Leipzig","8.57Hz","sine",90,0.179664566666667
"Leipzig","8.57Hz","sine",92.1428571428571,0.231343666666667
"Leipzig","8.57Hz","sine",94.2857142857143,1.221598
"Leipzig","8.57Hz","sine",96.4285714285714,0.223496333333333
"Leipzig","8.57Hz","sine",98.5714285714286,0.159912833333333
"Leipzig","8.57Hz","sine",100.714285714286,0.221068333333333
"Leipzig","8.57Hz","sine",102.857142857143,1.10452633333333
"Leipzig","8.57Hz","sine",105,0.1991017
"Leipzig","8.57Hz","sine",107.142857142857,0.136868966666667
"Leipzig","8.57Hz","sine",109.285714285714,0.162905633333333
"Leipzig","8.57Hz","sine",111.428571428571,0.696893666666667
"Leipzig","8.57Hz","sine",113.571428571429,0.1307534
"Leipzig","8.57Hz","sine",115.714285714286,0.0857504666666667
"Leipzig","8.57Hz","sine",117.857142857143,0.0758627
"Leipzig","8.57Hz","sine",120,0.185308466666667
"Leipzig","8.57Hz","sine",122.142857142857,0.0614122333333333
"Leipzig","8.57Hz","sine",124.285714285714,0.0561558666666667
"Leipzig","8.57Hz","sine",126.428571428571,0.0537452333333333
"Leipzig","8.57Hz","sine",128.571428571429,0.0564942333333333
"Leipzig","8.57Hz","sine",130.714285714286,0.0504569
"Leipzig","8.57Hz","sine",132.857142857143,0.0490996
"Leipzig","8.57Hz","sine",135,0.0482232333333333
"Leipzig","8.57Hz","sine",137.142857142857,0.0626777666666667
"Leipzig","8.57Hz","sine",139.285714285714,0.0464364333333333
"Leipzig","8.57Hz","sine",141.428571428571,0.0454669666666667
"Leipzig","8.57Hz","sine",143.571428571429,0.0444224
"Leipzig","8.57Hz","sine",145.714285714286,0.0453364666666667
"Leipzig","8.57Hz","sine",147.857142857143,0.0429131666666667
"Leipzig","8.57Hz","sine",150,0.0422728666666667
"Leipzig","8.57Hz","sine",152.142857142857,0.0416964333333333
"Leipzig","8.57Hz","sine",154.285714285714,0.0411719
"Leipzig","8.57Hz","sine",156.428571428571,0.0406162
"Leipzig","8.57Hz","sine",158.571428571429,0.0401375333333333
"Leipzig","8.57Hz","sine",160.714285714286,0.0396640333333333
"Leipzig","8.57Hz","sine",162.857142857143,0.0393171666666667
"Leipzig","8.57Hz","sine",165,0.0388187333333333
"Leipzig","8.57Hz","sine",167.142857142857,0.0384266333333333
"Leipzig","8.57Hz","sine",169.285714285714,0.038046
"Leipzig","8.57Hz","sine",171.428571428571,0.0377504333333333
"Leipzig","8.57Hz","sine",173.571428571429,0.0373791
"Leipzig","8.57Hz","sine",175.714285714286,0.0370575
"Leipzig","8.57Hz","sine",177.857142857143,0.0367557666666667
"Leipzig","8.57Hz","sine",180,0.0364761333333333
"Leipzig","8.57Hz","sine",182.142857142857,0.0362027333333333
"Leipzig","8.57Hz","sine",184.285714285714,0.0359382666666667
"Leipzig","8.57Hz","sine",186.428571428571,0.0357019
"Leipzig","8.57Hz","sine",188.571428571429,0.0354744333333333
"Leipzig","8.57Hz","sine",190.714285714286,0.0352448333333333
"Leipzig","8.57Hz","sine",192.857142857143,0.0350160333333333
"Leipzig","8.57Hz","sine",195,0.0348240666666667
"Leipzig","8.57Hz","sine",197.142857142857,0.0346651333333333
"Leipzig","8.57Hz","sine",199.285714285714,0.0344892333333333
"Leipzig","8.57Hz","sine",201.428571428571,0.0343153666666667
"Leipzig","8.57Hz","sine",203.571428571429,0.0341758
"Leipzig","8.57Hz","sine",205.714285714286,0.0340876333333333
"Leipzig","8.57Hz","sine",207.857142857143,0.0338797333333333
"Leipzig","8.57Hz","sine",210,0.0337560333333333
"Leipzig","8.57Hz","sine",212.142857142857,0.0336421
"Leipzig","8.57Hz","sine",214.285714285714,0.0335325666666667
"Leipzig","8.57Hz","sine",216.428571428571,0.0334167
"Leipzig","8.57Hz","sine",218.571428571429,0.0333491
"Leipzig","8.57Hz","sine",220.714285714286,0.0332720333333333
"Leipzig","8.57Hz","sine",222.857142857143,0.0337626
"Leipzig","8.57Hz","sine",225,0.0331679
"Leipzig","8.57Hz","sine",227.142857142857,0.0330891333333333
"Leipzig","8.57Hz","sine",229.285714285714,0.0330632
"Leipzig","8.57Hz","sine",231.428571428571,0.0332282
"Leipzig","8.57Hz","sine",233.571428571429,0.0328258
"Leipzig","8.57Hz","sine",235.714285714286,0.0328987666666667
"Leipzig","8.57Hz","sine",237.857142857143,0.0329081333333333
"Leipzig","15Hz","square",0,3.36124333333333e-13
"Leipzig","15Hz","square",3.75,1.48413466666667
"Leipzig","15Hz","square",7.5,0.80713
"Leipzig","15Hz","square",11.25,0.875345
"Leipzig","15Hz","square",15,14.0041033333333
"Leipzig","15Hz","square",18.75,0.599045
"Leipzig","15Hz","square",22.5,0.386236666666667
"Leipzig","15Hz","square",26.25,0.419764
"Leipzig","15Hz","square",30,4.32684
"Leipzig","15Hz","square",33.75,0.349542666666667
"Leipzig","15Hz","square",37.5,0.256385
"Leipzig","15Hz","square",41.25,0.323492333333333
"Leipzig","15Hz","square",45,3.09157666666667
"Leipzig","15Hz","square",48.75,0.308846
"Leipzig","15Hz","square",52.5,0.210323966666667
"Leipzig","15Hz","square",56.25,0.266513666666667
"Leipzig","15Hz","square",60,2.48041666666667
"Leipzig","15Hz","square",63.75,0.249246666666667
"Leipzig","15Hz","square",67.5,0.1750952
"Leipzig","15Hz","square",71.25,0.222687
"Leipzig","15Hz","square",75,1.72372766666667
"Leipzig","15Hz","square",78.75,0.20068
"Leipzig","15Hz","square",82.5,0.1448406
"Leipzig","15Hz","square",86.25,0.188789166666667
"Leipzig","15Hz","square",90,1.352589
"Leipzig","15Hz","square",93.75,0.168943366666667
"Leipzig","15Hz","square",97.5,0.121949533333333
"Leipzig","15Hz","square",101.25,0.156069633333333
"Leipzig","15Hz","square",105,1.03635433333333
"Leipzig","15Hz","square",108.75,0.138092366666667
"Leipzig","15Hz","square",112.5,0.0878481666666667
"Leipzig","15Hz","square",116.25,0.0765887666666667
"Leipzig","15Hz","square",120,0.169461433333333
"Leipzig","15Hz","square",123.75,0.0600646333333333
"Leipzig","15Hz","square",127.5,0.0559996666666667
"Leipzig","15Hz","square",131.25,0.0537858
"Leipzig","15Hz","square",135,0.0609948
"Leipzig","15Hz","square",138.75,0.0504696666666667
"Leipzig","15Hz","square",142.5,0.0488472
"Leipzig","15Hz","square",146.25,0.0475767333333333
"Leipzig","15Hz","square",150,0.0465244666666667
"Leipzig","15Hz","square",153.75,0.0455485333333333
"Leipzig","15Hz","square",157.5,0.0446674333333333
"Leipzig","15Hz","square",161.25,0.0438691333333333
"Leipzig","15Hz","square",165,0.0431173666666667
"Leipzig","15Hz","square",168.75,0.0424560333333333
"Leipzig","15Hz","square",172.5,0.0418354
"Leipzig","15Hz","square",176.25,0.0412644666666667
"Leipzig","15Hz","square",180,0.0407727
"Leipzig","15Hz","square",183.75,0.0402723666666667
"Leipzig","15Hz","square",187.5,0.039843
"Leipzig","15Hz","square",191.25,0.0394431666666667
"Leipzig","15Hz","square",195,0.0390979666666667
"Leipzig","15Hz","square",198.75,0.0387447666666667
"Leipzig","15Hz","square",202.5,0.0384545666666667
"Leipzig","15Hz","square",206.25,0.0381833333333333
"Leipzig","15Hz","square",210,0.037953
"Leipzig","15Hz","square",213.75,0.0377652666666667
"Leipzig","15Hz","square",217.5,0.0375788
"Leipzig","15Hz","square",221.25,0.0374102666666667
"Leipzig","15Hz","square",225,0.0372059666666667
"Leipzig","15Hz","square",228.75,0.0372635666666667
"Leipzig","15Hz","square",232.5,0.0371736666666667
"Leipzig","15Hz","square",236.25,0.0371373666666667
"Leipzig","15Hz","sine",0,3.42645333333333e-13
"Leipzig","15Hz","sine",3.75,1.80560566666667
"Leipzig","15Hz","sine",7.5,0.942962333333333
"Leipzig","15Hz","sine",11.25,0.965870666666667
"Leipzig","15Hz","sine",15,13.4972433333333
"Leipzig","15Hz","sine",18.75,0.587697666666667
"Leipzig","15Hz","sine",22.5,0.377865
"Leipzig","15Hz","sine",26.25,0.401421666666667
"Leipzig","15Hz","sine",30,3.92987
"Leipzig","15Hz","sine",33.75,0.365866
"Leipzig","15Hz","sine",37.5,0.272485333333333
"Leipzig","15Hz","sine",41.25,0.311186666666667
"Leipzig","15Hz","sine",45,2.75749333333333
"Leipzig","15Hz","sine",48.75,0.307054
"Leipzig","15Hz","sine",52.5,0.218703666666667
"Leipzig","15Hz","sine",56.25,0.264736666666667
"Leipzig","15Hz","sine",60,2.36759
"Leipzig","15Hz","sine",63.75,0.242085
"Leipzig","15Hz","sine",67.5,0.1781216
"Leipzig","15Hz","sine",71.25,0.216682033333333
"Leipzig","15Hz","sine",75,1.61348633333333
"Leipzig","15Hz","sine",78.75,0.203935066666667
"Leipzig","15Hz","sine",82.5,0.148483733333333
"Leipzig","15Hz","sine",86.25,0.187330166666667
"Leipzig","15Hz","sine",90,1.27682
"Leipzig","15Hz","sine",93.75,0.175854433333333
"Leipzig","15Hz","sine",97.5,0.126377533333333
"Leipzig","15Hz","sine",101.25,0.154666633333333
"Leipzig","15Hz","sine",105,1.04367333333333
"Leipzig","15Hz","sine",108.75,0.136059
"Leipzig","15Hz","sine",112.5,0.0908513
"Leipzig","15Hz","sine",116.25,0.0788029
"Leipzig","15Hz","sine",120,0.1663519
"Leipzig","15Hz","sine",123.75,0.0631135
"Leipzig","15Hz","sine",127.5,0.0592585333333333
"Leipzig","15Hz","sine",131.25,0.0569162
"Leipzig","15Hz","sine",135,0.0642705333333333
"Leipzig","15Hz","sine",138.75,0.0535714666666667
"Leipzig","15Hz","sine",142.5,0.0519213666666667
"Leipzig","15Hz","sine",146.25,0.0506741333333333
"Leipzig","15Hz","sine",150,0.0495119666666667
"Leipzig","15Hz","sine",153.75,0.0485137666666667
"Leipzig","15Hz","sine",157.5,0.0475905666666667
"Leipzig","15Hz","sine",161.25,0.0467532
"Leipzig","15Hz","sine",165,0.0460119666666667
"Leipzig","15Hz","sine",168.75,0.0452679666666667
"Leipzig","15Hz","sine",172.5,0.0446214333333333
"Leipzig","15Hz","sine",176.25,0.0440258333333333
"Leipzig","15Hz","sine",180,0.0434943333333333
"Leipzig","15Hz","sine",183.75,0.0429965
"Leipzig","15Hz","sine",187.5,0.0425307
"Leipzig","15Hz","sine",191.25,0.0421180666666667
"Leipzig","15Hz","sine",195,0.0417361
"Leipzig","15Hz","sine",198.75,0.0413864333333333
"Leipzig","15Hz","sine",202.5,0.0410794
"Leipzig","15Hz","sine",206.25,0.0408148
"Leipzig","15Hz","sine",210,0.0405642
"Leipzig","15Hz","sine",213.75,0.0403316333333333
"Leipzig","15Hz","sine",217.5,0.0401452666666667
"Leipzig","15Hz","sine",221.25,0.039965
"Leipzig","15Hz","sine",225,0.0398437666666667
"Leipzig","15Hz","sine",228.75,0.039807
"Leipzig","15Hz","sine",232.5,0.0397147
"Leipzig","15Hz","sine",236.25,0.0396815333333333
